feature_set,k,condition,mean_delta,median_delta,frac_positive,random_mean,random_p,frac_negative
submitted20,20,low_to_high_mean,0.8260978677747238,0.8007770200909928,0.9464285714285714,0.09068318518053656,0.0004997501249375312,
submitted20,20,high_to_low_mean,-0.7305301462615726,-0.8641179154981746,,-0.07931685572083318,0.0004997501249375312,1.0
robust20_fdr,3,low_to_high_mean,0.058680500664766634,0.05961196341567946,1.0,0.015272263255040087,0.031984007996002,
robust20_fdr,3,high_to_low_mean,-0.09633204616417321,-0.030290415754821408,,-0.013494103428665116,0.0029985007496251873,0.5789473684210527
