{
  "raw_activation_lr": {
    "auroc": 0.918233082706767,
    "f1": 0.8173913043478261,
    "precision": 0.7966101694915254,
    "recall": 0.8392857142857143,
    "pr_auc": 0.9132922586787441
  },
  "top20_feature_lr": {
    "auroc": 0.8944235588972431,
    "f1": 0.7524752475247525,
    "precision": 0.8444444444444444,
    "recall": 0.6785714285714286,
    "pr_auc": 0.8851821624595922
  },
  "random": {
    "auroc": 0.5535714285714286,
    "f1": 0.5504587155963303,
    "precision": 0.5660377358490566,
    "recall": 0.5357142857142857,
    "pr_auc": 0.5632182073778135
  },
  "test_size": 113
}