suite,episodes,auroc
goal,52,0.972972972972973
long,17,0.8166666666666667
object,41,0.7833333333333333
