suite,episodes,auroc
goal,174,0.9853479853479853
long,44,0.7
object,142,0.9473684210526316
spatial,14,0.6666666666666667
