proxy,spearman_rho,p_value,n_episodes
episode_success,0.012376309047652346,0.8381106025778509,275
final_distance,-0.9263453115673895,9.02592441142496e-118,275
final_displacement,-0.019098737396871637,0.7525317204887492,275
path_length,0.027699199069440954,0.6474304688868909,275
episode_success_auroc,0.507340627442224,,275
