suite,n_episodes,auroc
goal,174,0.9945054945054945
long,44,0.8250000000000001
object,142,0.968421052631579
spatial,14,0.6666666666666667
